Email,Username,Location,Region,Gender,Birthdate
paul33@example.com,kimberly94,"36521 Mosley Avenue Suite 181
Blackfurt, GU 67476",Asia,Male,4/3/2000
markmeyers@example.com,gracebenjamin,"634 Sharp Plains Suite 779
West Brianbury, GA 96166",Asia,Male,4/19/1986
prich@example.net,bradleywalker,"756 Jeffrey Gateway Suite 774
South Lisa, CO 95380",Asia,Male,11/23/1974
olsonbrian@example.org,charlotte91,"3355 Daniel Key
North Andrewville, IL 76976",Asia,Female,10/9/1977
shelleycooke@example.net,kknight,"338 Smith Drive Apt. 390
Port Richardbury, IN 33191",Asia,Male,4/5/1981
cwoodward@example.org,mdougherty,"3945 Jeffrey Viaduct Suite 801
South Patricia, CT 85900",Europe,Female,11/13/1978
madisoncastro@example.com,amy03,"514 Perkins Track
South Anthonyville, PA 82583",Europe,Male,2/7/2007
awilson@example.com,marilyn18,"60946 Sims Rapids
Kevinhaven, CO 37574",Atlantic,Female,7/21/1973
ljones@example.net,annette88,"PSC 3965, Box 9198
APO AA 50723",America,Female,2/15/1980
wclayton@example.org,atkinsonmichelle,"380 Julie Isle
North Sydneyshire, AZ 45785",America,Female,10/30/1992
nicholsonraymond@example.org,wrussell,"76463 Cruz Forest
South Robert, MO 96038",Europe,Female,5/13/1969
carterkaren@example.org,jessica30,"5861 Catherine Spring Suite 422
Christopherview, KS 66630",Europe,Female,2/27/1965
torresjennifer@example.com,xlewis,"64870 Moran Passage Apt. 773
Stacyfort, RI 52116",Europe,Male,9/11/2003
lpeck@example.net,rachel78,"448 Davis Knoll Apt. 292
Bryanside, CT 51960",America,Female,3/16/1975
jacksonkimberly@example.net,wnichols,"010 Martin Square Suite 271
Harrisfurt, AZ 98615",Europe,Male,2/3/1965
heather44@example.org,benjamin72,"6960 Campbell Mountain Suite 193
Turnerchester, ND 12222",Atlantic,Female,2/10/2000
qgarcia@example.net,kyle96,"0905 Robertson Ville
East Shelbytown, AS 65647",America,Male,7/7/1985
goodmanjessica@example.org,kennethrocha,"PSC 7957, Box 2138
APO AA 33513",Atlantic,Male,7/23/2011
smithtoni@example.net,frederickamanda,"996 David Crossing
East Jeffreymouth, DE 89183",Europe,Female,3/5/1989
teresa75@example.org,shannongoodman,"775 Patrick Expressway
North Elizabethview, MT 45000",Atlantic,Male,11/27/2002
william33@example.net,tina95,"74222 Kevin Prairie
Shannonhaven, KY 95393",Europe,Male,7/9/1987
kellyjackson@example.com,lewismatthew,"72565 Thomas Via
Hollytown, AL 25161",Europe,Male,6/17/1974
samantha29@example.net,panderson,"046 William Brooks Suite 549
Danielburgh, AK 52293",Asia,Male,10/28/1972
jeromehansen@example.org,danielrice,"67534 Avila Orchard Apt. 176
Fullermouth, NH 61742",Europe,Female,11/3/1986
jason79@example.com,rodriguezkelsey,"208 Michael Meadow
Samanthamouth, DC 03955",Atlantic,Male,4/1/2000
jacob07@example.net,christopher80,"8395 Scott Estate
Port Robertside, GA 82712",Atlantic,Male,12/11/1963
jason62@example.org,lori51,"38343 Edward Tunnel Suite 693
Robertbury, TN 94661",Europe,Female,9/4/1987
ijones@example.org,joshuacunningham,"26177 Holly Mall
North Kellychester, NE 15624",America,Male,7/16/2005
stephanie67@example.org,chapmanchristopher,"406 Robinson Neck
Melissastad, RI 78347",Asia,Female,4/30/1987
manningdaniel@example.com,vhunter,"66697 Stout Manor Suite 361
North Omar, FL 49370",America,Female,7/28/1988
